PRAGMA foreign_keys=OFF;
BEGIN TRANSACTION;
CREATE TABLE IF NOT EXISTS "migrations" ("id" integer PRIMARY KEY AUTOINCREMENT NOT NULL, "timestamp" bigint NOT NULL, "name" varchar NOT NULL);
INSERT INTO migrations VALUES(1,1603944374840,'InitialMigration1603944374840');
INSERT INTO migrations VALUES(2,1605085519544,'SeasonStatus1605085519544');
INSERT INTO migrations VALUES(3,1606730060700,'CascadeMigration1606730060700');
INSERT INTO migrations VALUES(4,1607928251245,'DropImdbIdConstraint1607928251245');
INSERT INTO migrations VALUES(5,1608219049304,'AddUserRequestDeleteCascades1608219049304');
INSERT INTO migrations VALUES(6,1608477467935,'AddLastSeasonChangeMedia1608477467935');
INSERT INTO migrations VALUES(7,1608477467936,'ForceDropImdbUniqueConstraint1608477467936');
INSERT INTO migrations VALUES(8,1609236552057,'RemoveTmdbIdUniqueConstraint1609236552057');
INSERT INTO migrations VALUES(9,1610070934506,'LocalUsers1610070934506');
INSERT INTO migrations VALUES(10,1610370640747,'Add4kStatusFields1610370640747');
INSERT INTO migrations VALUES(11,1610522845513,'AddMediaAddedFieldToMedia1610522845513');
INSERT INTO migrations VALUES(12,1611508672722,'AddDisplayNameToUser1611508672722');
INSERT INTO migrations VALUES(13,1611757511674,'SonarrRadarrSyncServiceFields1611757511674');
INSERT INTO migrations VALUES(14,1611801511397,'AddRatingKeysToMedia1611801511397');
INSERT INTO migrations VALUES(15,1612482778137,'AddResetPasswordGuidAndExpiryDate1612482778137');
INSERT INTO migrations VALUES(16,1612571545781,'AddLanguageProfileId1612571545781');
INSERT INTO migrations VALUES(17,1613379909641,'AddJellyfinUserParams1613379909641');
INSERT INTO migrations VALUES(18,1613412948344,'ServerTypeEnum1613412948344');
INSERT INTO migrations VALUES(19,1613615266968,'CreateUserSettings1613615266968');
INSERT INTO migrations VALUES(20,1613670041760,'AddJellyfinDeviceId1613670041760');
INSERT INTO migrations VALUES(21,1613955393450,'UpdateUserSettingsRegions1613955393450');
INSERT INTO migrations VALUES(22,1614334195680,'AddTelegramSettingsToUserSettings1614334195680');
INSERT INTO migrations VALUES(23,1615333940450,'AddPGPToUserSettings1615333940450');
INSERT INTO migrations VALUES(24,1616576677254,'AddUserQuotaFields1616576677254');
INSERT INTO migrations VALUES(25,1617624225464,'CreateTagsFieldonMediaRequest1617624225464');
INSERT INTO migrations VALUES(26,1617730837489,'AddUserSettingsNotificationAgentsField1617730837489');
INSERT INTO migrations VALUES(27,1618912653565,'CreateUserPushSubscriptions1618912653565');
INSERT INTO migrations VALUES(28,1619239659754,'AddUserSettingsLocale1619239659754');
INSERT INTO migrations VALUES(29,1619339817343,'AddUserSettingsNotificationTypes1619339817343');
INSERT INTO migrations VALUES(30,1634904083966,'AddIssues1634904083966');
INSERT INTO migrations VALUES(31,1635079863457,'AddPushbulletPushoverUserSettings1635079863457');
INSERT INTO migrations VALUES(32,1660632269368,'AddWatchlistSyncUserSetting1660632269368');
INSERT INTO migrations VALUES(33,1660714479373,'AddMediaRequestIsAutoRequestedField1660714479373');
INSERT INTO migrations VALUES(34,1672041273674,'AddDiscoverSlider1672041273674');
INSERT INTO migrations VALUES(35,1682608634546,'AddWatchlists1682608634546');
INSERT INTO migrations VALUES(36,1697393491630,'AddUserPushoverSound1697393491630');
CREATE TABLE IF NOT EXISTS "session" ("expiredAt" bigint NOT NULL, "id" varchar(255) PRIMARY KEY NOT NULL, "json" text NOT NULL);
INSERT INTO session VALUES(4306425499567,'yzONF504pXR7dIMUhWyI2bZTBpB5t9wm','{"cookie":{"originalMaxAge":2592000000,"expires":"2024-05-29T21:14:47.015Z","secure":false,"httpOnly":true,"path":"/","sameSite":"lax"},"userId":1}');
INSERT INTO session VALUES(4306931534648,'KhMTJPBFq-K0QuQl1-opg7J_aRfApmkE','{"cookie":{"originalMaxAge":2592000000,"expires":"2024-06-04T17:38:12.185Z","secure":false,"httpOnly":true,"path":"/","sameSite":"lax"},"userId":1}');
INSERT INTO session VALUES(4308133213459,'_b5oUuCpH_VHXWMIYGvom6lZC80IGRZR','{"cookie":{"originalMaxAge":2592000000,"expires":"2024-06-04T21:47:42.903Z","secure":false,"httpOnly":true,"path":"/","sameSite":"lax"},"userId":1}');
CREATE TABLE IF NOT EXISTS "season_request" ("id" integer PRIMARY KEY AUTOINCREMENT NOT NULL, "seasonNumber" integer NOT NULL, "status" integer NOT NULL DEFAULT (1), "createdAt" datetime NOT NULL DEFAULT (datetime('now')), "updatedAt" datetime NOT NULL DEFAULT (datetime('now')), "requestId" integer, CONSTRAINT "FK_6f14737e346d6b27d8e50d2157a" FOREIGN KEY ("requestId") REFERENCES "media_request" ("id") ON DELETE CASCADE ON UPDATE NO ACTION);
INSERT INTO season_request VALUES(1,8,2,'2024-05-19 15:39:10','2024-05-19 15:39:10',3);
CREATE TABLE IF NOT EXISTS "season" ("id" integer PRIMARY KEY AUTOINCREMENT NOT NULL, "seasonNumber" integer NOT NULL, "status" integer NOT NULL DEFAULT (1), "createdAt" datetime NOT NULL DEFAULT (datetime('now')), "updatedAt" datetime NOT NULL DEFAULT (datetime('now')), "mediaId" integer, "status4k" integer NOT NULL DEFAULT (1), CONSTRAINT "FK_087099b39600be695591da9a49c" FOREIGN KEY ("mediaId") REFERENCES "media" ("id") ON DELETE CASCADE ON UPDATE NO ACTION);
INSERT INTO season VALUES(1,1,5,'2024-04-29 21:20:03','2024-04-29 21:20:03',2,1);
INSERT INTO season VALUES(2,9,5,'2024-04-29 21:20:08','2024-04-29 21:20:08',5,1);
INSERT INTO season VALUES(3,10,4,'2024-04-29 21:20:08','2024-04-29 21:20:08',5,1);
INSERT INTO season VALUES(4,11,4,'2024-04-29 21:20:08','2024-04-29 21:20:08',5,1);
INSERT INTO season VALUES(5,1,5,'2024-04-29 21:20:18','2024-04-29 21:20:18',6,1);
INSERT INTO season VALUES(6,2,5,'2024-04-29 21:20:18','2024-04-29 21:20:18',6,1);
INSERT INTO season VALUES(7,3,5,'2024-04-29 21:20:18','2024-04-29 21:20:18',6,1);
INSERT INTO season VALUES(8,4,5,'2024-04-29 21:20:18','2024-04-29 21:20:18',6,1);
INSERT INTO season VALUES(9,5,5,'2024-04-29 21:20:18','2024-04-29 21:20:18',6,1);
INSERT INTO season VALUES(10,6,5,'2024-04-29 21:20:18','2024-04-29 21:20:18',6,1);
INSERT INTO season VALUES(11,7,5,'2024-04-29 21:20:18','2024-04-29 21:20:18',6,1);
INSERT INTO season VALUES(12,1,5,'2024-04-30 03:00:01','2024-04-30 03:00:01',7,1);
INSERT INTO season VALUES(13,1,5,'2024-04-30 03:00:01','2024-04-30 03:00:01',1,1);
INSERT INTO season VALUES(14,2,5,'2024-04-30 03:00:01','2024-04-30 03:00:01',1,1);
INSERT INTO season VALUES(15,1,5,'2024-04-30 03:01:12','2024-04-30 03:01:12',3,1);
INSERT INTO season VALUES(16,2,5,'2024-04-30 03:01:12','2024-04-30 03:01:12',3,1);
INSERT INTO season VALUES(17,3,5,'2024-04-30 03:01:12','2024-04-30 03:01:12',3,1);
INSERT INTO season VALUES(18,4,5,'2024-04-30 03:01:12','2024-04-30 03:01:12',3,1);
INSERT INTO season VALUES(19,5,5,'2024-04-30 03:01:12','2024-04-30 03:01:12',3,1);
INSERT INTO season VALUES(20,6,5,'2024-04-30 03:01:12','2024-04-30 03:01:12',3,1);
INSERT INTO season VALUES(21,7,5,'2024-04-30 03:01:12','2024-04-30 03:01:12',3,1);
INSERT INTO season VALUES(22,8,4,'2024-04-30 03:01:12','2024-04-30 03:01:12',3,1);
INSERT INTO season VALUES(23,9,5,'2024-04-30 03:01:12','2024-04-30 03:01:12',3,1);
INSERT INTO season VALUES(24,10,5,'2024-04-30 03:01:13','2024-04-30 03:01:13',3,1);
INSERT INTO season VALUES(25,11,5,'2024-04-30 03:01:13','2024-04-30 03:01:13',3,1);
INSERT INTO season VALUES(26,12,4,'2024-04-30 03:01:13','2024-04-30 03:01:13',3,1);
INSERT INTO season VALUES(27,13,5,'2024-04-30 03:01:13','2024-04-30 03:01:13',3,1);
INSERT INTO season VALUES(28,14,4,'2024-04-30 03:01:13','2024-04-30 03:01:13',3,1);
INSERT INTO season VALUES(29,1,5,'2024-04-30 03:01:50','2024-04-30 03:01:50',4,1);
INSERT INTO season VALUES(30,2,5,'2024-04-30 03:01:50','2024-04-30 03:01:50',4,1);
INSERT INTO season VALUES(31,3,5,'2024-04-30 03:01:50','2024-04-30 03:01:50',4,1);
INSERT INTO season VALUES(32,4,5,'2024-04-30 03:01:50','2024-04-30 03:01:50',4,1);
INSERT INTO season VALUES(33,5,5,'2024-04-30 03:01:50','2024-04-30 03:01:50',4,1);
INSERT INTO season VALUES(34,6,4,'2024-04-30 03:01:50','2024-04-30 03:01:50',4,1);
INSERT INTO season VALUES(35,7,5,'2024-04-30 03:01:50','2024-04-30 03:01:50',4,1);
INSERT INTO season VALUES(36,8,5,'2024-04-30 03:01:50','2024-04-30 03:01:50',4,1);
INSERT INTO season VALUES(37,10,5,'2024-04-30 03:01:50','2024-04-30 03:01:50',4,1);
INSERT INTO season VALUES(38,12,5,'2024-04-30 03:01:50','2024-04-30 03:01:50',4,1);
INSERT INTO season VALUES(39,13,5,'2024-04-30 03:01:50','2024-04-30 03:01:50',4,1);
INSERT INTO season VALUES(40,14,5,'2024-04-30 03:01:50','2024-04-30 03:01:50',4,1);
INSERT INTO season VALUES(41,15,5,'2024-04-30 03:01:50','2024-04-30 03:01:50',4,1);
INSERT INTO season VALUES(42,16,5,'2024-04-30 03:01:50','2024-04-30 03:01:50',4,1);
INSERT INTO season VALUES(43,17,5,'2024-04-30 03:01:50','2024-04-30 03:01:50',4,1);
INSERT INTO season VALUES(44,18,5,'2024-04-30 03:01:50','2024-04-30 03:01:50',4,1);
INSERT INTO season VALUES(45,19,5,'2024-04-30 03:01:50','2024-04-30 03:01:50',4,1);
INSERT INTO season VALUES(46,20,5,'2024-04-30 03:01:50','2024-04-30 03:01:50',4,1);
INSERT INTO season VALUES(47,21,5,'2024-04-30 03:01:50','2024-04-30 03:01:50',4,1);
INSERT INTO season VALUES(48,22,5,'2024-04-30 03:01:50','2024-04-30 03:01:50',4,1);
INSERT INTO season VALUES(49,23,5,'2024-04-30 03:01:50','2024-04-30 03:01:50',4,1);
INSERT INTO season VALUES(50,24,5,'2024-04-30 03:01:50','2024-04-30 03:01:50',4,1);
INSERT INTO season VALUES(51,25,5,'2024-04-30 03:01:50','2024-04-30 03:01:50',4,1);
INSERT INTO season VALUES(52,26,5,'2024-04-30 03:01:50','2024-04-30 03:01:50',4,1);
CREATE TABLE IF NOT EXISTS "media" ("id" integer PRIMARY KEY AUTOINCREMENT NOT NULL, "mediaType" varchar NOT NULL, "tmdbId" integer NOT NULL, "tvdbId" integer, "imdbId" varchar, "status" integer NOT NULL DEFAULT (1), "status4k" integer NOT NULL DEFAULT (1), "createdAt" datetime NOT NULL DEFAULT (datetime('now')), "updatedAt" datetime NOT NULL DEFAULT (datetime('now')), "lastSeasonChange" datetime NOT NULL DEFAULT (CURRENT_TIMESTAMP), "mediaAddedAt" datetime, "serviceId" integer, "serviceId4k" integer, "externalServiceId" integer, "externalServiceId4k" integer, "externalServiceSlug" varchar, "externalServiceSlug4k" varchar, "ratingKey" varchar, "ratingKey4k" varchar, "jellyfinMediaId" varchar, "jellyfinMediaId4k" varchar, CONSTRAINT "UQ_41a289eb1fa489c1bc6f38d9c3c" UNIQUE ("tvdbId"));
INSERT INTO media VALUES(1,'tv',84958,362472,NULL,5,1,'2024-04-29 21:15:01','2024-04-30 03:00:01','2024-04-30 03:00:01.456','2023-11-11 04:25:28.000',NULL,NULL,NULL,NULL,NULL,NULL,NULL,NULL,'746cfb2dbd14de98dbdd7e1b1dd2fbeb',NULL);
INSERT INTO media VALUES(2,'tv',94997,371572,NULL,4,1,'2024-04-29 21:15:01','2024-04-29 21:20:03','2024-04-29 21:20:03.009','2024-02-15 12:45:15.000',NULL,NULL,NULL,NULL,NULL,NULL,NULL,NULL,'f4a7dd5198b8cb3ed64f0eac0a7ce382',NULL);
INSERT INTO media VALUES(3,'tv',32726,194031,NULL,4,1,'2024-04-29 21:15:04','2024-04-30 03:01:13','2024-04-30 03:01:12.839','2024-03-11 04:03:31.000',NULL,NULL,NULL,NULL,NULL,NULL,NULL,NULL,'3a6054e4b0b98fcb36ae68fe11353f47',NULL);
INSERT INTO media VALUES(4,'tv',2190,75897,NULL,4,1,'2024-04-29 21:15:07','2024-04-30 03:01:50','2024-04-30 03:01:49.961','2023-11-16 17:44:44.000',NULL,NULL,NULL,NULL,NULL,NULL,NULL,NULL,'614b639446ce6d450d521a21c020e8f6',NULL);
INSERT INTO media VALUES(5,'tv',60694,278518,NULL,4,1,'2024-04-29 21:20:08','2024-05-19 15:39:51','2024-04-29 21:20:08','2024-04-18 01:13:20.000',0,NULL,1,NULL,'last-week-tonight-with-john-oliver',NULL,NULL,NULL,'7a39d180d165a506dcd1cc801461814f',NULL);
INSERT INTO media VALUES(6,'tv',60625,275274,NULL,5,1,'2024-04-29 21:20:18','2024-04-29 21:20:18','2024-04-29 21:20:18','2024-03-14 11:33:15.000',NULL,NULL,NULL,NULL,NULL,NULL,NULL,NULL,'13d0d9d5c9c802868c7595242b98d56e',NULL);
INSERT INTO media VALUES(7,'tv',205715,417909,NULL,5,1,'2024-04-30 03:00:01','2024-04-30 03:00:01','2024-04-30 03:00:01','2023-11-11 11:17:30.000',NULL,NULL,NULL,NULL,NULL,NULL,NULL,NULL,'4cbcd05f2ca1b1b4a3983138ee6b0aa5',NULL);
INSERT INTO media VALUES(8,'movie',872585,NULL,NULL,3,1,'2024-05-05 21:54:19','2024-05-05 21:54:20','2024-05-05 21:54:19',NULL,0,NULL,1,NULL,'872585',NULL,NULL,NULL,NULL,NULL);
INSERT INTO media VALUES(9,'movie',475557,NULL,NULL,3,1,'2024-05-05 21:55:11','2024-05-05 21:55:12','2024-05-05 21:55:11',NULL,0,NULL,2,NULL,'475557',NULL,NULL,NULL,NULL,NULL);
CREATE TABLE IF NOT EXISTS "user" ("id" integer PRIMARY KEY AUTOINCREMENT NOT NULL, "email" varchar NOT NULL, "username" varchar, "plexId" integer, "plexToken" varchar, "permissions" integer NOT NULL DEFAULT (0), "avatar" varchar NOT NULL, "createdAt" datetime NOT NULL DEFAULT (datetime('now')), "updatedAt" datetime NOT NULL DEFAULT (datetime('now')), "password" varchar, "userType" integer NOT NULL DEFAULT (1), "plexUsername" varchar, "resetPasswordGuid" varchar, "recoveryLinkExpirationDate" date, "movieQuotaLimit" integer, "movieQuotaDays" integer, "tvQuotaLimit" integer, "tvQuotaDays" integer, "jellyfinUsername" varchar, "jellyfinAuthToken" varchar, "jellyfinUserId" varchar, "jellyfinDeviceId" varchar, CONSTRAINT "UQ_e12875dfb3b1d92d7d7c5377e22" UNIQUE ("email"));
INSERT INTO user VALUES(1,'stephen@tollenaar.com',NULL,NULL,NULL,2,'https://gravatar.com/avatar/1c65ea31958839dc6365082d74fa2869?default=mm&size=200','2024-04-29 21:14:46','2024-04-29 21:14:46',NULL,3,NULL,NULL,NULL,NULL,NULL,NULL,NULL,'admin','d6df8f0caafe4e0d9bd8ec58603dc36e','237959c9a9b44b2a99f1ef52cda706f2','Qk9UX292ZXJzZWVycl9hZG1pbg==');
CREATE TABLE IF NOT EXISTS "user_push_subscription" ("id" integer PRIMARY KEY AUTOINCREMENT NOT NULL, "endpoint" varchar NOT NULL, "p256dh" varchar NOT NULL, "auth" varchar NOT NULL, "userId" integer, CONSTRAINT "UQ_f90ab5a4ed54905a4bb51a7148b" UNIQUE ("auth"), CONSTRAINT "FK_03f7958328e311761b0de675fbe" FOREIGN KEY ("userId") REFERENCES "user" ("id") ON DELETE CASCADE ON UPDATE NO ACTION);
CREATE TABLE IF NOT EXISTS "issue" ("id" integer PRIMARY KEY AUTOINCREMENT NOT NULL, "issueType" integer NOT NULL, "status" integer NOT NULL DEFAULT (1), "problemSeason" integer NOT NULL DEFAULT (0), "problemEpisode" integer NOT NULL DEFAULT (0), "createdAt" datetime NOT NULL DEFAULT (datetime('now')), "updatedAt" datetime NOT NULL DEFAULT (datetime('now')), "mediaId" integer, "createdById" integer, "modifiedById" integer, CONSTRAINT "FK_276e20d053f3cff1645803c95d8" FOREIGN KEY ("mediaId") REFERENCES "media" ("id") ON DELETE CASCADE ON UPDATE NO ACTION, CONSTRAINT "FK_10b17b49d1ee77e7184216001e0" FOREIGN KEY ("createdById") REFERENCES "user" ("id") ON DELETE CASCADE ON UPDATE NO ACTION, CONSTRAINT "FK_da88a1019c850d1a7b143ca02e5" FOREIGN KEY ("modifiedById") REFERENCES "user" ("id") ON DELETE CASCADE ON UPDATE NO ACTION);
CREATE TABLE IF NOT EXISTS "issue_comment" ("id" integer PRIMARY KEY AUTOINCREMENT NOT NULL, "message" text NOT NULL, "createdAt" datetime NOT NULL DEFAULT (datetime('now')), "updatedAt" datetime NOT NULL DEFAULT (datetime('now')), "userId" integer, "issueId" integer, CONSTRAINT "FK_707b033c2d0653f75213614789d" FOREIGN KEY ("userId") REFERENCES "user" ("id") ON DELETE CASCADE ON UPDATE NO ACTION, CONSTRAINT "FK_180710fead1c94ca499c57a7d42" FOREIGN KEY ("issueId") REFERENCES "issue" ("id") ON DELETE CASCADE ON UPDATE NO ACTION);
CREATE TABLE IF NOT EXISTS "media_request" ("id" integer PRIMARY KEY AUTOINCREMENT NOT NULL, "status" integer NOT NULL, "createdAt" datetime NOT NULL DEFAULT (datetime('now')), "updatedAt" datetime NOT NULL DEFAULT (datetime('now')), "type" varchar NOT NULL, "mediaId" integer, "requestedById" integer, "modifiedById" integer, "is4k" boolean NOT NULL DEFAULT (0), "serverId" integer, "profileId" integer, "rootFolder" varchar, "languageProfileId" integer, "tags" text, "isAutoRequest" boolean NOT NULL DEFAULT (0), CONSTRAINT "FK_a1aa713f41c99e9d10c48da75a0" FOREIGN KEY ("mediaId") REFERENCES "media" ("id") ON DELETE CASCADE ON UPDATE NO ACTION, CONSTRAINT "FK_6997bee94720f1ecb7f31137095" FOREIGN KEY ("requestedById") REFERENCES "user" ("id") ON DELETE CASCADE ON UPDATE NO ACTION, CONSTRAINT "FK_f4fc4efa14c3ba2b29c4525fa15" FOREIGN KEY ("modifiedById") REFERENCES "user" ("id") ON DELETE SET NULL ON UPDATE NO ACTION);
INSERT INTO media_request VALUES(1,2,'2024-05-05 21:54:19','2024-05-05 21:54:19','movie',8,1,1,0,0,5,'/movies',NULL,'none',0);
INSERT INTO media_request VALUES(2,2,'2024-05-05 21:55:11','2024-05-05 21:55:11','movie',9,1,1,0,0,5,'/movies',NULL,'none',0);
INSERT INTO media_request VALUES(3,2,'2024-05-19 15:39:10','2024-05-19 15:39:10','tv',5,1,1,0,0,NULL,NULL,NULL,'none',0);
CREATE TABLE IF NOT EXISTS "discover_slider" ("id" integer PRIMARY KEY AUTOINCREMENT NOT NULL, "type" integer NOT NULL, "order" integer NOT NULL, "isBuiltIn" boolean NOT NULL DEFAULT (0), "enabled" boolean NOT NULL DEFAULT (1), "title" varchar, "data" varchar, "createdAt" datetime NOT NULL DEFAULT (datetime('now')), "updatedAt" datetime NOT NULL DEFAULT (datetime('now')));
INSERT INTO discover_slider VALUES(1,1,0,1,1,NULL,NULL,'2024-04-28 14:23:01','2024-04-28 14:23:01');
INSERT INTO discover_slider VALUES(2,2,1,1,1,NULL,NULL,'2024-04-28 14:23:02','2024-04-28 14:23:02');
INSERT INTO discover_slider VALUES(3,3,2,1,1,NULL,NULL,'2024-04-28 14:23:02','2024-04-28 14:23:02');
INSERT INTO discover_slider VALUES(4,4,3,1,1,NULL,NULL,'2024-04-28 14:23:02','2024-04-28 14:23:02');
INSERT INTO discover_slider VALUES(5,5,4,1,1,NULL,NULL,'2024-04-28 14:23:02','2024-04-28 14:23:02');
INSERT INTO discover_slider VALUES(6,6,5,1,1,NULL,NULL,'2024-04-28 14:23:02','2024-04-28 14:23:02');
INSERT INTO discover_slider VALUES(7,7,6,1,1,NULL,NULL,'2024-04-28 14:23:02','2024-04-28 14:23:02');
INSERT INTO discover_slider VALUES(8,8,7,1,1,NULL,NULL,'2024-04-28 14:23:02','2024-04-28 14:23:02');
INSERT INTO discover_slider VALUES(9,9,8,1,1,NULL,NULL,'2024-04-28 14:23:02','2024-04-28 14:23:02');
INSERT INTO discover_slider VALUES(10,10,9,1,1,NULL,NULL,'2024-04-28 14:23:02','2024-04-28 14:23:02');
INSERT INTO discover_slider VALUES(11,11,10,1,1,NULL,NULL,'2024-04-28 14:23:02','2024-04-28 14:23:02');
INSERT INTO discover_slider VALUES(12,12,11,1,1,NULL,NULL,'2024-04-28 14:23:03','2024-04-28 14:23:03');
CREATE TABLE IF NOT EXISTS "watchlist" ("id" integer PRIMARY KEY AUTOINCREMENT NOT NULL, "ratingKey" varchar NOT NULL, "mediaType" varchar NOT NULL, "title" varchar NOT NULL, "tmdbId" integer NOT NULL, "createdAt" datetime NOT NULL DEFAULT (datetime('now')), "updatedAt" datetime NOT NULL DEFAULT (datetime('now')), "requestedById" integer, "mediaId" integer, CONSTRAINT "UNIQUE_USER_DB" UNIQUE ("tmdbId", "requestedById"));
CREATE TABLE IF NOT EXISTS "user_settings" ("id" integer PRIMARY KEY AUTOINCREMENT NOT NULL, "notificationTypes" text, "discordId" varchar, "userId" integer, "region" varchar, "originalLanguage" varchar, "telegramChatId" varchar, "telegramSendSilently" boolean, "pgpKey" varchar, "locale" varchar NOT NULL DEFAULT (''), "pushbulletAccessToken" varchar, "pushoverApplicationToken" varchar, "pushoverUserKey" varchar, "watchlistSyncMovies" boolean, "watchlistSyncTv" boolean, "pushoverSound" varchar, CONSTRAINT "UQ_986a2b6d3c05eb4091bb8066f78" UNIQUE ("userId"), CONSTRAINT "FK_986a2b6d3c05eb4091bb8066f78" FOREIGN KEY ("userId") REFERENCES "user" ("id") ON DELETE CASCADE ON UPDATE NO ACTION);
DELETE FROM sqlite_sequence;
INSERT INTO sqlite_sequence VALUES('migrations',36);
INSERT INTO sqlite_sequence VALUES('season_request',1);
INSERT INTO sqlite_sequence VALUES('season',52);
INSERT INTO sqlite_sequence VALUES('media',9);
INSERT INTO sqlite_sequence VALUES('user',1);
INSERT INTO sqlite_sequence VALUES('user_push_subscription',0);
INSERT INTO sqlite_sequence VALUES('issue',0);
INSERT INTO sqlite_sequence VALUES('issue_comment',0);
INSERT INTO sqlite_sequence VALUES('media_request',3);
INSERT INTO sqlite_sequence VALUES('user_settings',0);
INSERT INTO sqlite_sequence VALUES('discover_slider',12);
CREATE INDEX "IDX_28c5d1d16da7908c97c9bc2f74" ON "session" ("expiredAt") ;
CREATE INDEX "IDX_7157aad07c73f6a6ae3bbd5ef5" ON "media" ("tmdbId") ;
CREATE INDEX "IDX_41a289eb1fa489c1bc6f38d9c3" ON "media" ("tvdbId") ;
CREATE INDEX "IDX_7ff2d11f6a83cb52386eaebe74" ON "media" ("imdbId") ;
CREATE INDEX "IDX_939f205946256cc0d2a1ac51a8" ON "watchlist" ("tmdbId") ;
COMMIT;
